[
    {
        "name" : "Spaghetti",
        "location" : "Italia"
    },
    {
        "name" : "Pizza",
        "location" : "Italia"
    },
    {
        "name" : "Rendang",
        "location" : "Indonesia"
    },
    {
        "name" : "Kimchi",
        "location" : "Korea"
    },
    {
        "name" : "Ramen",
        "location" : "Japan"
    },
    {
        "name" : "Sushi",
        "location" : "Japan"
    },
    {
        "name" : "Croissant",
        "location" : "France"
    },
    {
        "name" : "Ramyeon",
        "location" : "Korea"
    },
]
